title,company_name,company_link
Full Stack Developer,Ensoft,Link is not available
Full Stack Developer E-Commerce,Kompas Gramedia,https://id.indeed.com//cmp/Kompas-Gramedia-Group
Software Quality Assurance Intern,Shopee,https://id.indeed.com//cmp/Shopee
BaruQA Engineer,StyleTheory,https://id.indeed.com//cmp/Styletheory
ShopeePay Backend Engineer [Experienced],Shopee,https://id.indeed.com//cmp/Shopee
Business Intelligence Developer,Stockbit-Bibit,Link is not available
Data Warehouse Engineer,GO-JEK,https://id.indeed.com//cmp/Pt.-Go--jek-Indonesia-2
Associate Backend Engineer,KeDA Tech,Link is not available
Back End Developer,PT Generasi Teknologi Buana,Link is not available
Blockchain Developer,PT. Inti Artistika Solusitama,Link is not available
Product Support Engineer,Awan Tunai,Link is not available
Senior Machine Learning,Alodokter,https://id.indeed.com//cmp/Alodokter-2
Back End Developer,JULO,Link is not available
Back End Developer - Kompas.id,Kompas Gramedia,https://id.indeed.com//cmp/Kompas-Gramedia-Group
Developer / Programmer,StrategArt,Link is not available
Web Developer,1rstWAP,Link is not available
Business Intelligence Developer,Stockbit-Bibit,Link is not available
Web Developer,Binabusana Internusa,Link is not available
ShopeePay QA Engineer [Entry Level] - NEW,Shopee,https://id.indeed.com//cmp/Shopee
Test Engineer,Quipper,Link is not available
BaruSoftware Engineer - Data Platform,Cermati.com,https://id.indeed.com//cmp/PT-Dwi-Cermat-Indonesia-1
IT WEB DEVELOPER,Ismaya Group,https://id.indeed.com//cmp/Ismaya-Group-1
Financial Service SRE Engineer [Experienced],Shopee,https://id.indeed.com//cmp/Shopee
Full Stack Developer E-Commerce,Kompas Gramedia,https://id.indeed.com//cmp/Kompas-Gramedia-Group
Senior Machine Learning,Alodokter,https://id.indeed.com//cmp/Alodokter-2
BaruETL Developer,Lawencon,Link is not available
Senior Frontend Developer,Ensoft,Link is not available
Associate Backend Engineer,KeDA Tech,Link is not available
Front End Development â€“ Consultant,Accenture,https://id.indeed.com//cmp/Accenture
Back End Developer - Kompas.id,Kompas Gramedia,https://id.indeed.com//cmp/Kompas-Gramedia-Group
Tech Lead,Kasual,Link is not available
Software Quality Assurance - Manual Testing,Indodana,Link is not available
Technical Solution Developer,PT Mastersystem Infotama,https://id.indeed.com//cmp/Pt.-Mastersystem-Infotama
Blockchain Developer,PT. Inti Artistika Solusitama,Link is not available
Remote Senior Web Engineer,Scopic,Link is not available
Back End Developer,PT Generasi Teknologi Buana,Link is not available
Software Quality Assurance - Manual Testing,Cermati.com,https://id.indeed.com//cmp/PT-Dwi-Cermat-Indonesia-1
Full Stack Developer,IndoSterling Technomedia,Link is not available
ShopeePay QA Engineer [Experienced],Shopee,https://id.indeed.com//cmp/Shopee
Back End Developer,JULO,Link is not available
Backend Developer,Pintek ID,Link is not available
QA Engineer - GoFinance,GO-JEK,https://id.indeed.com//cmp/Pt.-Go--jek-Indonesia-2
Business Intelligence Developer E-Commerce,Kompas Gramedia,https://id.indeed.com//cmp/Kompas-Gramedia-Group
Senior Data Warehouse Engineer - GoPay,GO-JEK,https://id.indeed.com//cmp/Pt.-Go--jek-Indonesia-2
Full-Stack Developer,DDTC,Link is not available
"Fullstack Developer - Javascript, Python, Golang, NodeJS, Re...",Michael Page,https://id.indeed.com//cmp/Michael-Page
Finance MIS Analyst - Financial Services,GO-JEK,https://id.indeed.com//cmp/Pt.-Go--jek-Indonesia-2
IT Engineering Manager,Ajaib,Link is not available
Problem Generator Developer,Zenius Education,Link is not available
Unity Developer,Alegrium,Link is not available
Engineer: Software Developer,NTT Ltd,Link is not available
IT Developer,MNC,Link is not available
Product Support Engineer,Awan Tunai,Link is not available
Test Engineer,LINE Plus corporation,Link is not available
Senior Data Warehouse Engineer,GO-JEK,https://id.indeed.com//cmp/Pt.-Go--jek-Indonesia-2
"Customer Solutions Consultant, Infrastructure Modernization,...",Google,https://id.indeed.com//cmp/Google
Senior Software Engineer for Global AI Startup,StrategArt,Link is not available
"Product Owner (Entry, Mid and Senior Levels)",Cermati.com,https://id.indeed.com//cmp/PT-Dwi-Cermat-Indonesia-1
"Frontend Engineer (Freshgraduate, Senior, Principal, & Senio...",Cermati.com,https://id.indeed.com//cmp/PT-Dwi-Cermat-Indonesia-1
BaruSenior Software Engineer - Data Plarform,Cermati.com,https://id.indeed.com//cmp/PT-Dwi-Cermat-Indonesia-1
System Administrator,Jawasoft,Link is not available
Solutions Architect - Developer Specialist,PT Amazon Web Services IDN,https://id.indeed.com//cmp/Amazon.com
Back End Developer,Renos.id,Link is not available
"Senior/Software Engineer, Front End",Coda Payments,Link is not available
Software Engineer,Alterra,Link is not available
Software Developer,Terrindo Bumi Raya,Link is not available
BaruBackend Developer,QSI Recruitment,Link is not available
Full Stack Developer,Global Talentlytica,Link is not available
Machine Learning Engineer,Nomura Research Institute Indonesia,Link is not available
Golang Developer (Back End),PT Lunaria Annua Teknologi (KoinWorks),Link is not available
Back End Developer,Akseleran,Link is not available
Assistant IT Project Manager,Simbadda Group,Link is not available
IT Engineer,PT Bank Central Asia Tbk,https://id.indeed.com//cmp/PT-Bank-Central-Asia-Tbk
Back end developer,MNC,Link is not available
Remote) QA Engineer SDET,Kitabisa.com,Link is not available
